Payment Type,Transactions,Total Revenue,Avg Ticket,Total Expected Profit,Avg Expected Profit
installment,459703,9.2472903451E9,20115.79,-6.3987992703E8,-1391.94
single,6814614,1.369798370694E11,20100.89,3.424495926735E10,5025.22
